{"Lower Professional and Technical": 0.2017811108507148, "Semi-Routine Occupations": 0.17240840559331302, "Intermediate Occupations": 0.17108038434497305, "Routine Occupations": 0.09272713069291462, "Lower Managerial and Supervisory": 0.09108663385672994, "Higher Professional": 0.08960237481446762, "Small Establishments and Own Account Workers": 0.08569642996640887, "Lower Supervisory and Technical": 0.0644480899929693, "Higher Managerial and Administrative": 0.02991953753612999, "Large Establishments": 0.0012499023513787985}