{"Semi-Routine Occupations": 0.1818893156921326, "Lower Professional and Technical": 0.17338881775501494, "Intermediate Occupations": 0.1371461089770949, "Routine Occupations": 0.10271731398491962, "Small Establishments and Own Account Workers": 0.09926732109830701, "Lower Managerial and Supervisory": 0.09788021055626689, "Higher Professional": 0.08479157774932423, "Lower Supervisory and Technical": 0.07582870963152653, "Higher Managerial and Administrative": 0.04566794707639778, "Large Establishments": 0.0014226774790155072}