{"Semi-Routine Occupations": 0.18391523634515386, "Lower Professional and Technical": 0.18035735230871486, "Intermediate Occupations": 0.1314462212143723, "Small Establishments and Own Account Workers": 0.10267036790866794, "Routine Occupations": 0.09997263166125817, "Lower Managerial and Supervisory": 0.09977714352738788, "Higher Professional": 0.08362982366970324, "Lower Supervisory and Technical": 0.07322985494780467, "Higher Managerial and Administrative": 0.04371114673339328, "Large Establishments": 0.0012902216835438088}