{"Lower Professional and Technical": 0.19022727272727272, "Semi-Routine Occupations": 0.17845454545454545, "Intermediate Occupations": 0.1335, "Small Establishments and Own Account Workers": 0.10531818181818182, "Lower Managerial and Supervisory": 0.10436363636363637, "Routine Occupations": 0.09290909090909091, "Higher Professional": 0.08595454545454545, "Lower Supervisory and Technical": 0.067, "Higher Managerial and Administrative": 0.041363636363636366, "Large Establishments": 0.0009090909090909091}