{"Semi-Routine Occupations": 0.18190435720589676, "Lower Professional and Technical": 0.17419017422286143, "Intermediate Occupations": 0.1369267479488772, "Routine Occupations": 0.10577583107246756, "Small Establishments and Own Account Workers": 0.09953257281077371, "Lower Managerial and Supervisory": 0.09884614127414768, "Higher Professional": 0.07910306279214199, "Lower Supervisory and Technical": 0.07723989147844278, "Higher Managerial and Administrative": 0.045239106985258064, "Large Establishments": 0.0012421142091328082}