{"Lower Professional and Technical": 0.19183714909386262, "Semi-Routine Occupations": 0.17792781359459872, "Intermediate Occupations": 0.13391542717904462, "Lower Managerial and Supervisory": 0.10538606020610183, "Small Establishments and Own Account Workers": 0.10249251231026955, "Routine Occupations": 0.0915782527031829, "Higher Professional": 0.08599421290420833, "Lower Supervisory and Technical": 0.06802375755114473, "Higher Managerial and Administrative": 0.041474186506929286, "Large Establishments": 0.0013706279506573939}