{"Lower Professional and Technical": 0.18421878678490153, "Semi-Routine Occupations": 0.18359099113238642, "Intermediate Occupations": 0.12775641528682413, "Small Establishments and Own Account Workers": 0.10770619163462293, "Routine Occupations": 0.10056501608726359, "Lower Managerial and Supervisory": 0.09825001961861414, "Higher Professional": 0.0831436867299694, "Lower Supervisory and Technical": 0.07149022993015773, "Higher Managerial and Administrative": 0.04198383426194774, "Large Establishments": 0.0012948285333124069}