{"Semi-Routine Occupations": 0.18140324405884573, "Lower Professional and Technical": 0.1780837419841569, "Intermediate Occupations": 0.13511882308562806, "Small Establishments and Own Account Workers": 0.101886080724255, "Routine Occupations": 0.1004149377593361, "Lower Managerial and Supervisory": 0.0995473406261788, "Higher Professional": 0.08328932478310072, "Lower Supervisory and Technical": 0.07446246699358733, "Higher Managerial and Administrative": 0.04443606186344776, "Large Establishments": 0.0013579781214635986}