{"Lower Professional and Technical": 0.18715153532495632, "Semi-Routine Occupations": 0.1794957144045935, "Intermediate Occupations": 0.13106432553882, "Small Establishments and Own Account Workers": 0.10718149288507947, "Lower Managerial and Supervisory": 0.10039943413497546, "Routine Occupations": 0.0966547391195806, "Higher Professional": 0.08492136140467671, "Lower Supervisory and Technical": 0.07106598984771574, "Higher Managerial and Administrative": 0.0412332528917367, "Large Establishments": 0.0008321544478655238}