{"Lower Professional and Technical": 0.19641879312233052, "Semi-Routine Occupations": 0.17369400941846458, "Intermediate Occupations": 0.1367867703427883, "Lower Managerial and Supervisory": 0.10278173255941299, "Small Establishments and Own Account Workers": 0.10119373562588982, "Routine Occupations": 0.0911181688752601, "Higher Professional": 0.08963968897163509, "Lower Supervisory and Technical": 0.06521739130434782, "Higher Managerial and Administrative": 0.042164056510787425, "Large Establishments": 0.0009856532690833424}