{"Lower Professional and Technical": 0.2103650413002931, "Semi-Routine Occupations": 0.16213695710098588, "Intermediate Occupations": 0.14581667998934186, "Lower Managerial and Supervisory": 0.10498268052224886, "Higher Professional": 0.09712230215827339, "Small Establishments and Own Account Workers": 0.08979483080202505, "Routine Occupations": 0.07986943778310684, "Lower Supervisory and Technical": 0.061950439648281376, "Higher Managerial and Administrative": 0.04689581667998934, "Large Establishments": 0.0010658140154543032}