{"Semi-Routine Occupations": 0.18134771279675738, "Lower Professional and Technical": 0.1786696583671106, "Intermediate Occupations": 0.13451795020266358, "Routine Occupations": 0.10375651418645049, "Small Establishments and Own Account Workers": 0.10006514186450492, "Lower Managerial and Supervisory": 0.09760422698320788, "Higher Professional": 0.08034163288940359, "Lower Supervisory and Technical": 0.0779169079328315, "Higher Managerial and Administrative": 0.04451360741169658, "Large Establishments": 0.00126664736537348}