{"Lower Professional and Technical": 0.20351487523992323, "Semi-Routine Occupations": 0.16488723608445296, "Intermediate Occupations": 0.14275431861804222, "Lower Managerial and Supervisory": 0.10448656429942418, "Small Establishments and Own Account Workers": 0.09620921305182342, "Higher Professional": 0.09380998080614203, "Routine Occupations": 0.08553262955854127, "Lower Supervisory and Technical": 0.06375959692898273, "Higher Managerial and Administrative": 0.044085892514395396, "Large Establishments": 0.0009596928982725527}