{"Yes - already buy": 0.08778179794043975, "Yes - seriously considering": 0.07854160868355135, "No": 0.8134149735596994, "Considered and rejected": 0.02026161981630949}