{"Yes - already buy": 0.018505117336917194, "Yes - seriously considering": 0.050759846996795206, "No": 0.9124711395981943, "Considered and rejected": 0.018263896068093317}