{"Yes - already buy": 0.0158050576184379, "Yes - seriously considering": 0.018365877080665814, "No": 0.9478633162612036, "Considered and rejected": 0.0179657490396927}