{"Yes - already buy": 0.1979650966915976, "Yes - seriously considering": 0.10599016238797924, "No": 0.6779866585809582, "Considered and rejected": 0.018058082339464994}