{"Urban": 0.793171745695572, "Rural": 0.20682825430442797}