{"Urban": 0.7539731140465984, "Rural": 0.24602688595340158}