{"Urban": 0.7651102398289119, "Rural": 0.23488976017108815}