{"Urban": 0.7440874914559125, "Rural": 0.2559125085440875}