{"Urban": 0.7679461023864876, "Rural": 0.23205389761351236}