{"Urban": 0.7535931083735047, "Rural": 0.24640689162649526}