{"Urban": 0.7525503698036216, "Rural": 0.24744963019637847}