{"Urban": 0.7742413846528408, "Rural": 0.2257586153471592}