{"Urban": 0.7550080716172586, "Rural": 0.24499192838274142}