{"Urban": 0.7567087553767171, "Rural": 0.24329124462328292}