{"Urban": 0.7576714513556618, "Rural": 0.24232854864433812}