{"Urban": 0.7548005313795741, "Rural": 0.2451994686204259}