{"Don't do Anything Environmentally Friendly": 0.08729786368896812, "Do One or Two Things Environmentally Friendly": 0.3944824997654124, "Do Some Things Environmentally Friendly": 0.3640173907603766, "Do Many Things Environmentally Friendly": 0.1273028682243283, "Do Everything Environmentally Friendly": 0.026899377560914577}