{"Strongly Agree": 0.08729786368896812, "Tend to Agree": 0.3944824997654124, "Neither": 0.3640173907603766, "Tend to Disagree": 0.1273028682243283, "Strongly Disagree": 0.026899377560914577}