{"Don't do Anything Environmentally Friendly": 0.07863685763080266, "Do One or Two Things Environmentally Friendly": 0.37152616053407855, "Do Some Things Environmentally Friendly": 0.3922010039848885, "Do Many Things Environmentally Friendly": 0.12184960927392227, "Do Everything Environmentally Friendly": 0.03578636857630803}