{"Strongly Agree": 0.07863685763080266, "Tend to Agree": 0.37152616053407855, "Neither": 0.3922010039848885, "Tend to Disagree": 0.12184960927392227, "Strongly Disagree": 0.03578636857630803}