{"2": 0.38724523339907957, "1": 0.23865877712031558, "3": 0.20775805391190005, "4": 0.0973044049967127, "6 or more": 0.03616042077580539, "5": 0.03287310979618672}