{"2": 0.30857142857142855, "1": 0.3028571428571429, "3": 0.22857142857142856, "4": 0.08571428571428572, "5": 0.045714285714285714, "6 or more": 0.02857142857142857}