{"1": 0.34493192133131617, "2": 0.3328290468986384, "3": 0.17095310136157338, "4": 0.06959152798789713, "5": 0.048411497730711045, "6 or more": 0.03328290468986384}