{"1": 0.41954022988505746, "2": 0.3390804597701149, "3": 0.13218390804597702, "4": 0.05172413793103448, "6 or more": 0.040229885057471264, "5": 0.017241379310344827}