{"2": 0.38392857142857145, "1": 0.26785714285714285, "3": 0.17857142857142858, "4": 0.08928571428571429, "6 or more": 0.04285714285714286, "5": 0.0375}