{"2": 0.4249101240867448, "1": 0.2240809463063899, "3": 0.2117882407514786, "4": 0.08607793111446133, "5": 0.03218137539139511, "6 or more": 0.020961382349530325}