{"2": 0.37610619469026546, "1": 0.36283185840707965, "3": 0.16371681415929204, "4": 0.05309734513274336, "5": 0.035398230088495575, "6 or more": 0.008849557522123894}