{"2": 0.39907932011331443, "1": 0.2326487252124646, "3": 0.21990084985835695, "4": 0.08109065155807366, "5": 0.04001416430594901, "6 or more": 0.02726628895184136}