{"2": 0.3761220825852783, "1": 0.24506283662477557, "3": 0.19778575703171752, "4": 0.10233393177737882, "5": 0.045481747456612806, "6 or more": 0.03321364452423698}