{"2": 0.35414165666266506, "1": 0.2653061224489796, "3": 0.20888355342136855, "4": 0.09123649459783914, "5": 0.0468187274909964, "6 or more": 0.03361344537815126}