{"2": 0.3805970149253731, "1": 0.30223880597014924, "3": 0.1828358208955224, "4": 0.06343283582089553, "5": 0.048507462686567165, "6 or more": 0.022388059701492536}