{"2": 0.40418929402637704, "1": 0.24101370571502456, "3": 0.2022239462115335, "4": 0.08611326609775019, "5": 0.036203775536591674, "6 or more": 0.030256012412723042}