{"Labour": 0.45370711914422723, "Conservative": 0.21812369359399975, "Lib Dem": 0.11053731710315996, "Green Party": 0.09738104020656584, "SNP": 0.03196852330013525, "Ulster Unionists": 0.017213820238534367, "SDLP": 0.017213820238534367, "Plaid Cymru": 0.015861305791220952, "Sinn Fein": 0.013033321037747448, "DUP": 0.012910365178900774, "Alliance": 0.012049674166974056}