{"Labour": 0.3589358506758206, "Conservative": 0.3021883715940785, "Lib Dem": 0.18139884145033255, "Green Party": 0.08131302295644711, "SNP": 0.024029178287921046, "Ulster Unionists": 0.013087320317528427, "SDLP": 0.010405492383608668, "Plaid Cymru": 0.00826003003647286, "Sinn Fein": 0.00804548380175928, "DUP": 0.006758206393477795, "Alliance": 0.0055782021025531005}