{"Labour": 0.39067524115755625, "Conservative": 0.25352461043779373, "None": 0.09819441009151621, "Green Party": 0.07865446450655454, "Lib Dem": 0.07308929013109078, "SNP": 0.03499876329458323, "Ulster Unionists": 0.015087806084590651, "SDLP": 0.01459312391788276, "Plaid Cymru": 0.011501360375958447, "Alliance": 0.011501360375958447, "DUP": 0.009522631709126886, "Sinn Fein": 0.008656937917388079}