{"Labour": 0.375076885225735, "Conservative": 0.3560093492434494, "Lib Dem": 0.11120679050313692, "Green Party": 0.05984745971214171, "SNP": 0.03592077746340263, "DUP": 0.013962356993480134, "Alliance": 0.01168655431172346, "Plaid Cymru": 0.008303604379382459, "Ulster Unionists": 0.007442489851150203, "SDLP": 0.007134948948210112, "Sinn Fein": 0.006765899864682003, "None": 0.0066428835035059666}