{"Labour": 0.41734248284466624, "Conservative": 0.23196090663339572, "Lib Dem": 0.12195882719900188, "Green Party": 0.09814930338947807, "SNP": 0.03732584736951549, "SDLP": 0.01933873986275733, "Ulster Unionists": 0.017883135787065917, "Plaid Cymru": 0.01653150343106675, "DUP": 0.014244125597837389, "Alliance": 0.013308380120607194, "Sinn Fein": 0.011956747764608026}