{"Labour": 0.4106167056986729, "Conservative": 0.30698672911787667, "Lib Dem": 0.17447306791569087, "Green Party": 0.06733021077283373, "SNP": 0.02459016393442623, "None": 0.011124121779859485, "Plaid Cymru": 0.00429352068696331, "Alliance": 0.000585480093676815}