{"Labour": 0.37714285714285717, "Conservative": 0.2012158054711246, "None": 0.14030395136778115, "Lib Dem": 0.09531914893617022, "Green Party": 0.08668693009118542, "SNP": 0.026504559270516717, "Ulster Unionists": 0.014103343465045593, "Plaid Cymru": 0.013373860182370821, "SDLP": 0.012887537993920973, "DUP": 0.011793313069908815, "Sinn Fein": 0.010577507598784194, "Alliance": 0.010091185410334347}