{"Labour": 0.42476424764247644, "Conservative": 0.2729260625939593, "Lib Dem": 0.0876042093754271, "Green Party": 0.05849391827251606, "None": 0.05398387317206505, "SNP": 0.03143364766981003, "Plaid Cymru": 0.014486811534782014, "Alliance": 0.014076807434741014, "DUP": 0.013940139401394014, "Sinn Fein": 0.01093344266776001, "Ulster Unionists": 0.00956676233429001, "SDLP": 0.007790077900779008}