{"Conservative": 0.37415288374958533, "Labour": 0.36898725178901476, "Lib Dem": 0.07411970996635231, "Green Party": 0.066158001990427, "SNP": 0.04497417184019715, "DUP": 0.014928202454859959, "Alliance": 0.014406900146912469, "SDLP": 0.0106630017534714, "Plaid Cymru": 0.009193877067437562, "Ulster Unionists": 0.008767356997298706, "Sinn Fein": 0.008672574759490072, "None": 0.0049760674849533195}