{"Labour": 0.35225122966326144, "Conservative": 0.22487072770841215, "None": 0.1422625804010594, "Green Party": 0.1011476857106823, "Lib Dem": 0.07604994324631101, "SNP": 0.02724177071509648, "Ulster Unionists": 0.01866565771219574, "SDLP": 0.01513431706394249, "Alliance": 0.01172909572455543, "Plaid Cymru": 0.01072014125362593, "Sinn Fein": 0.010089544709294993, "DUP": 0.009837306091562617}