{"Labour": 0.37096615988229525, "Conservative": 0.2520843550760177, "Lib Dem": 0.16635605689063265, "Green Party": 0.09024031387935262, "SNP": 0.03393820500245218, "SDLP": 0.019323197645904854, "Ulster Unionists": 0.018832761157430114, "Plaid Cymru": 0.01706718979892104, "Alliance": 0.011574301128003924, "DUP": 0.011280039234919078, "Sinn Fein": 0.008337420304070623}