{"Yes": 0.1126165185345762, "No": 0.8873834814654238}