{"Female": 0.5172261416794917, "Male": 0.48277385832050834}