{"Female": 0.5213625750833151, "Male": 0.478637424916685}