{"Female": 0.5191584079707456, "Male": 0.4808415920292543}