{"Female": 0.5174919530513379, "Male": 0.4825080469486621}