{"Female": 0.5215943792620485, "Male": 0.47840562073795145}