{"Female": 0.5216659923769776, "Male": 0.47833400762302236}