{"Female": 0.5174116681524246, "Male": 0.4825883318475754}