{"Female": 0.5171363683286879, "Male": 0.4828636316713121}