{"Female": 0.5164229906397463, "Male": 0.4835770093602537}