{"Female": 0.5176533404525129, "Male": 0.4823466595474872}