{"Female": 0.5150758643883636, "Male": 0.48492413561163644}