{"Female": 0.5210369498794907, "Male": 0.4789630501205094}