{"Married": 0.5152953455431029, "Single": 0.3250167739370294, "Divorced": 0.0788996297308715, "Widowed": 0.05824904947690167, "Separated": 0.015904177331577247, "Partnership": 0.006635023980517383}