{"Married": 0.513246605260659, "Single": 0.328482575254012, "Divorced": 0.07739056120026588, "Widowed": 0.05820909695185642, "Separated": 0.01697369670496629, "Partnership": 0.005697464628240433}