{"Married": 0.5015242618698735, "Single": 0.3391103700335169, "Divorced": 0.07756050730129857, "Widowed": 0.05618715577787883, "Separated": 0.023967123103094, "Partnership": 0.0016505819143381672}