{"Married": 0.5119182999977702, "Single": 0.3320177492362923, "Divorced": 0.07808772047182644, "Widowed": 0.05694918277699735, "Separated": 0.016188373804267846, "Partnership": 0.0048386737128458986}