{"Married": 0.5140420278876637, "Single": 0.3286760373705917, "Divorced": 0.07864096737087226, "Widowed": 0.054120023567039814, "Separated": 0.01540274387677805, "Partnership": 0.0091181999270544}