{"Married": 0.5070845270810189, "Single": 0.3267263053265509, "Divorced": 0.08327973649847005, "Widowed": 0.060749576097760626, "Separated": 0.019665165955290494, "Partnership": 0.0024946890409090023}