{"Married": 0.5123906969993832, "Single": 0.3256050215884765, "Divorced": 0.08062116759188709, "Widowed": 0.06004861942600051, "Separated": 0.019121222016617683, "Partnership": 0.002213272377635064}