{"Married": 0.511499875632203, "Single": 0.32877870823314814, "Divorced": 0.07909791891219634, "Widowed": 0.059099577149490094, "Separated": 0.019600364812204625, "Partnership": 0.0019235552607578144}