{"Married": 0.5086124781711383, "Single": 0.3359858707731386, "Divorced": 0.07431735196062868, "Widowed": 0.05744959517383712, "Separated": 0.01821717732973488, "Partnership": 0.005417526591522464}