{"Married": 0.5160502900338592, "Single": 0.32615029265859996, "Divorced": 0.07813853381978529, "Widowed": 0.056221948082626844, "Separated": 0.016142155962098743, "Partnership": 0.0072967794430300005}