{"Married": 0.504877394873064, "Single": 0.32803316216049, "Divorced": 0.08467899936067974, "Widowed": 0.06079729423168141, "Separated": 0.01874651982923962, "Partnership": 0.0028666295448452226}