{"Married": 0.508732836739458, "Single": 0.3362619638802233, "Divorced": 0.07610195029816855, "Widowed": 0.057384181150654696, "Separated": 0.017317119755523015, "Partnership": 0.004201948175972497}