{"Strongly Agree": 0.05098221430599654, "Tend to Agree": 0.29613567722450246, "Neither": 0.34572394744314516, "Tend to Disagree": 0.2247089496373164, "Strongly Disagree": 0.08244921138903948}