{"Don't do Anything Environmentally Friendly": 0.06806675417213576, "Do One or Two Things Environmentally Friendly": 0.3852115757234827, "Do Some Things Environmentally Friendly": 0.31061316332270766, "Do Many Things Environmentally Friendly": 0.19079317457341083, "Do Everything Environmentally Friendly": 0.04531533220826302}