{"Don't do Anything Environmentally Friendly": 0.05098221430599654, "Do One or Two Things Environmentally Friendly": 0.29613567722450246, "Do Some Things Environmentally Friendly": 0.34572394744314516, "Do Many Things Environmentally Friendly": 0.2247089496373164, "Do Everything Environmentally Friendly": 0.08244921138903948}