{"Strongly Agree": 0.06806675417213576, "Tend to Agree": 0.3852115757234827, "Neither": 0.31061316332270766, "Tend to Disagree": 0.19079317457341083, "Strongly Disagree": 0.04531533220826302}