{"Strongly Agree": 0.037979599233676796, "Tend to Agree": 0.1424688033966758, "Neither": 0.36817169782012116, "Tend to Disagree": 0.3431885258634081, "Strongly Disagree": 0.10819137368611816}