{"Strongly Agree": 0.023180879684664958, "Tend to Agree": 0.1169993117687543, "Neither": 0.32597134455358817, "Tend to Disagree": 0.3920102609022086, "Strongly Disagree": 0.14183820309078396}