{"40 - 49": 0.1860293953654348, "50 - 59": 0.16760711019916585, "30 - 39": 0.15103597475299418, "60 - 69": 0.14806967459910342, "70 years or older": 0.1428953765863015, "20 - 29": 0.1367174431830854, "10 - 19": 0.06764502531391485}