{"40 - 49": 0.19018820899078198, "30 - 39": 0.17034104861912877, "50 - 59": 0.15725621712756793, "20 - 29": 0.14237542837245953, "60 - 69": 0.14023127531291807, "70 years or older": 0.1296937709604706, "10 - 19": 0.06991405061667308}