{"40 - 49": 0.18940391723669117, "50 - 59": 0.16518672728045206, "30 - 39": 0.1574754641628075, "60 - 69": 0.14545184178102563, "20 - 29": 0.13737944512894593, "70 years or older": 0.1369333389981731, "10 - 19": 0.06816926541190466}