{"40 - 49": 0.19051739751665292, "30 - 39": 0.16336962427803828, "50 - 59": 0.16097482441488398, "60 - 69": 0.14479483206214405, "20 - 29": 0.13779155179006258, "70 years or older": 0.1345917771829909, "10 - 19": 0.06795999275522731}