{"50 - 59": 0.1842527027420812, "70 years or older": 0.1776670454876592, "40 - 49": 0.16723489815543316, "60 - 69": 0.15383046303581316, "30 - 39": 0.13529737447912113, "20 - 29": 0.12515662791036514, "10 - 19": 0.05656088818952706}