{"50 - 59": 0.18135174862024017, "40 - 49": 0.17114568599717114, "70 years or older": 0.16759575117175582, "60 - 69": 0.15298000388274122, "30 - 39": 0.14086030451784673, "20 - 29": 0.12796405690989268, "10 - 19": 0.05810244890035222}