{"40 - 49": 0.1902968976742362, "30 - 39": 0.18268815939130092, "20 - 29": 0.1599011648429227, "50 - 59": 0.15070400439267365, "60 - 69": 0.13123112523041927, "70 years or older": 0.1187002392438326, "10 - 19": 0.06647840922461466}