{"50 - 59": 0.18918272516058493, "70 years or older": 0.18463851305179718, "60 - 69": 0.16748667486674867, "40 - 49": 0.15983326499931666, "20 - 29": 0.12583709170425036, "30 - 39": 0.12481208145414788, "10 - 19": 0.0482096487631543}