{"40 - 49": 0.18596258164507914, "50 - 59": 0.16678844237794752, "30 - 39": 0.1572013727443817, "60 - 69": 0.14311967231263145, "20 - 29": 0.14183549208457877, "70 years or older": 0.1409941326248201, "10 - 19": 0.06409830621056127}