{"50 - 59": 0.18657042869641294, "70 years or older": 0.18272715910511186, "40 - 49": 0.16404199475065617, "60 - 69": 0.15832395950506187, "30 - 39": 0.12851518560179978, "20 - 29": 0.12723409573803274, "10 - 19": 0.05258717660292463}