{"50 - 59": 0.19037754045076258, "70 years or older": 0.1876629638889881, "60 - 69": 0.17058970603993284, "40 - 49": 0.15819552094867306, "20 - 29": 0.12569203843268922, "30 - 39": 0.12237025395578098, "10 - 19": 0.0451119762831732}