{"40 - 49": 0.18168235824222734, "50 - 59": 0.1716033865344938, "30 - 39": 0.1542438399696445, "60 - 69": 0.14748500011857613, "70 years or older": 0.1470581260227192, "20 - 29": 0.13520051224891502, "10 - 19": 0.06272677686342401}