{"40 - 49": 0.17776250827098286, "50 - 59": 0.17641370183743066, "70 years or older": 0.1576831068356492, "60 - 69": 0.14979386165826844, "30 - 39": 0.14880134371659795, "20 - 29": 0.13027434213874892, "10 - 19": 0.05927113554232198}