{"Mentioned": 0.01747693399574166, "Not Mentioned": 0.9825230660042583}