{"British": 0.7359889048041288, "Indian": 0.043175772457540416, "Pakistani": 0.038332992292476636, "Other White background": 0.03824204806402474, "African": 0.030784621330968782, "Caribbean": 0.021735670600004548, "Bangladeshi": 0.021258213400632064, "Irish": 0.020553395630129822, "Other Asian background": 0.012504831412136506, "White and Black Caribbean": 0.007639315189959757, "Arab": 0.005752222449582793, "Chinese": 0.005320237364436259, "Other": 0.005047404679080554, "White and Asian": 0.004501739308369143, "Other Mixed background": 0.004433531137030216, "White and Black African": 0.002819271082008958, "Other Black background": 0.0019098287974899392}