{"British": 0.7735876785609311, "Indian": 0.04017988360472635, "Pakistani": 0.038651460819469755, "Other White background": 0.028393392510728352, "Bangladeshi": 0.020810064076185998, "Irish": 0.020721885838575038, "African": 0.02063370760096408, "Caribbean": 0.01701839985891482, "Other Asian background": 0.009141143965669273, "White and Black Caribbean": 0.007524542942801716, "White and Asian": 0.005261301510787138, "Chinese": 0.0037916642172711773, "Other": 0.003762271471400858, "Other Mixed background": 0.00370348597966022, "Arab": 0.003262594791605432, "White and Black African": 0.0023808124154958555, "Other Black background": 0.0011757098348127682}