{"British": 0.7889625515140656, "Indian": 0.039347787134922055, "Pakistani": 0.035119154273427704, "Other White background": 0.025586812399211612, "Irish": 0.02064146210356567, "Bangladeshi": 0.018455473929403332, "Caribbean": 0.016735352087439526, "African": 0.015266081347428776, "Other Asian background": 0.007848055903959863, "White and Black Caribbean": 0.00756136893029923, "White and Asian": 0.006163769933703637, "Other Mixed background": 0.0044078122200322525, "Chinese": 0.003941945887833721, "Arab": 0.003046049095144239, "Other": 0.0027951979931911844, "White and Black African": 0.0023293316609926534, "Other Black background": 0.001361763124888013, "Gypsy or Irish": 0.00043003046049095144}