{"British": 0.7561000853882578, "Indian": 0.04199549771004218, "Pakistani": 0.03925272336791989, "Other White background": 0.0317489067715476, "African": 0.024322715864103294, "Irish": 0.021295313995911714, "Bangladeshi": 0.02124356353662639, "Caribbean": 0.019768675446994594, "Other Asian background": 0.011074598287059798, "White and Black Caribbean": 0.007788444122441587, "White and Asian": 0.004528165187466039, "Arab": 0.0044764147281807125, "Other": 0.004243537661396745, "Other Mixed background": 0.004165911972468755, "Chinese": 0.0040106605946127775, "White and Black African": 0.002535772504980982, "Other Black background": 0.0014490128599891324}