{"British": 0.7656661991584853, "Indian": 0.04134642356241234, "Pakistani": 0.03929873772791024, "Other White background": 0.029929873772791025, "African": 0.02238429172510519, "Irish": 0.021318373071528753, "Bangladeshi": 0.021262272089761572, "Caribbean": 0.017980364656381486, "Other Asian background": 0.009509116409537166, "White and Black Caribbean": 0.007685834502103786, "White and Asian": 0.00485273492286115, "Other": 0.004123422159887798, "Other Mixed background": 0.003955119214586255, "Chinese": 0.003955119214586255, "Arab": 0.003309957924263675, "White and Black African": 0.0022159887798036465, "Other Black background": 0.00120617110799439}