{"British": 0.8051756391602577, "Indian": 0.03018083558511744, "Pakistani": 0.025441696113074206, "Other White background": 0.023321554770318022, "Irish": 0.022552483891082935, "African": 0.020245271253377675, "Bangladeshi": 0.017626273124090625, "Caribbean": 0.017210559135314902, "Other Asian background": 0.010101849927250052, "White and Black Caribbean": 0.0060486385366867595, "Other": 0.004115568488879651, "Chinese": 0.0038037829972978592, "Arab": 0.003762211598420287, "White and Asian": 0.003616711702348784, "Other Mixed background": 0.003076283516940345, "White and Black African": 0.0022656412388276865, "Other Black background": 0.001454998960715028}