{"British": 0.7517338160222905, "Indian": 0.04041164148142122, "Pakistani": 0.03127987146372715, "Other White background": 0.030608716874453417, "African": 0.030547702820883076, "Bangladeshi": 0.024181903231711037, "Caribbean": 0.02408021314242714, "Irish": 0.014928105106876284, "Other Asian background": 0.013321401696190689, "White and Black Caribbean": 0.007240334357013566, "Chinese": 0.006731883910594073, "Other": 0.005979377249893225, "Arab": 0.005918363196322886, "White and Asian": 0.004128617624926275, "Other Mixed background": 0.0038235473570745796, "White and Black African": 0.003233744839227969, "Other Black background": 0.0018507596249669508}