{"British": 0.8067039363195068, "Indian": 0.031196079784664228, "Pakistani": 0.026318816573492533, "Other White background": 0.02201670232590241, "Irish": 0.020866404398739272, "African": 0.019578070720316563, "Bangladeshi": 0.017783605953942072, "Caribbean": 0.01621920077300021, "Other Asian background": 0.009915568132146226, "White and Black Caribbean": 0.007039823314238388, "Chinese": 0.003980030827984448, "Other": 0.00391101295235466, "White and Asian": 0.0038419950767248716, "Other Mixed background": 0.0034048818644028802, "Arab": 0.0032438401546000415, "White and Black African": 0.0024846435226723723, "Other Black background": 0.001495387305312076}