{"British": 0.7507948450355557, "Indian": 0.04310365750066743, "Pakistani": 0.0393175254229061, "Other White background": 0.033711137538528745, "African": 0.027231026866975705, "Irish": 0.020605295730893383, "Bangladeshi": 0.0204596752663641, "Caribbean": 0.019925733563090065, "Other Asian background": 0.01113996553649006, "White and Black Caribbean": 0.00737810353615028, "Other": 0.004489964322986191, "Arab": 0.004465694245564643, "Chinese": 0.004441424168143096, "White and Asian": 0.0043443438584569085, "Other Mixed background": 0.0040773730068198915, "White and Black African": 0.002718248671213261, "Other Black background": 0.0017959857291944762}