{"British": 0.7796232339089482, "Indian": 0.041036106750392466, "Pakistani": 0.03629513343799058, "Other White background": 0.026405023547880692, "Irish": 0.020784929356357926, "Bangladeshi": 0.020784929356357926, "African": 0.018241758241758242, "Caribbean": 0.017111459968602825, "Other Asian background": 0.009073783359497645, "White and Black Caribbean": 0.0074725274725274725, "White and Asian": 0.005023547880690738, "Other": 0.003924646781789639, "Other Mixed background": 0.0037676609105180532, "Chinese": 0.0037362637362637363, "Arab": 0.0032967032967032967, "White and Black African": 0.002166405023547881, "Other Black background": 0.0012558869701726845}