{"British": 0.8052084934454667, "Indian": 0.03100502843591489, "Pakistani": 0.026020508991897413, "Other White background": 0.023012230737137963, "Irish": 0.02160690366922114, "African": 0.01958674600909071, "Bangladeshi": 0.017983794822248083, "Caribbean": 0.016995674227619068, "Other Asian background": 0.01012274653608836, "White and Black Caribbean": 0.006455721218242902, "Chinese": 0.004040315320260864, "Other": 0.0038866076722074614, "White and Asian": 0.003732900024154059, "Arab": 0.003337651786302453, "Other Mixed background": 0.003227860609121451, "White and Black African": 0.0024154058979820384, "Other Black background": 0.0013614105970444215}