{"British": 0.7917978912775572, "Indian": 0.03970970833903875, "Pakistani": 0.03252088182938519, "Other White background": 0.025434752841298095, "Irish": 0.019854854169519376, "Bangladeshi": 0.018690948925099274, "Caribbean": 0.016431603450636725, "African": 0.015849650828426674, "Other Asian background": 0.00872928933315076, "White and Black Caribbean": 0.007359989045597699, "White and Asian": 0.005819526222100507, "Other Mixed background": 0.004142133369848007, "Chinese": 0.003902505819526222, "Other": 0.003491715733260304, "Arab": 0.0026701355607284677, "White and Black African": 0.002225112967273723, "Other Black background": 0.0013693002875530603}