{"British": 0.7999200289419067, "Indian": 0.031207753384489424, "Other White background": 0.025267046211847142, "Pakistani": 0.02490527237761572, "Irish": 0.02294407738151907, "African": 0.02123041185094918, "Bangladeshi": 0.017784040061691958, "Caribbean": 0.017231858946286108, "Other Asian background": 0.010301033911536778, "White and Black Caribbean": 0.005845503532055066, "Chinese": 0.004569774748186371, "Other": 0.004417448923246825, "Arab": 0.0039223899921933016, "White and Asian": 0.003522534701726994, "Other Mixed background": 0.003046516498790914, "White and Black African": 0.0023800910146804014, "Other Black background": 0.0015042175212780138}