{"London": 0.16237204376985528, "South East": 0.12121033847119268, "North West": 0.10601247205553595, "West Midlands": 0.09034396203474919, "East of England": 0.08732399890183158, "Yorkshire and the Humber": 0.08424520531827273, "South West": 0.07610699297956622, "East Midlands": 0.07467545201396243, "Scotland": 0.06973369416009727, "Wales": 0.046632937208299016, "Northern Ireland": 0.04094599364631133, "North East": 0.04039690944032631}