{"London": 0.12028501268064892, "South East": 0.11642043395998551, "North West": 0.09830522120687572, "Scotland": 0.08948915100036231, "East of England": 0.08411497121693974, "Yorkshire and the Humber": 0.07853951129181595, "West Midlands": 0.07779477476752143, "Wales": 0.07753311058330985, "South West": 0.07672799001650497, "East Midlands": 0.07399058008936839, "Northern Ireland": 0.0702467694537257, "North East": 0.03655247373294151}