{"London": 0.12345905488699736, "South East": 0.1161212210155562, "North West": 0.09841869680070443, "Scotland": 0.09100748459054887, "East of England": 0.08326606985617846, "West Midlands": 0.07866157910184914, "Yorkshire and the Humber": 0.07693718814206046, "Wales": 0.07565306721455826, "South West": 0.07535955385970061, "East Midlands": 0.07262621074258879, "Northern Ireland": 0.07147050190783681, "North East": 0.037019371881420605}