{"London": 0.11905976366573152, "South East": 0.11714698631301539, "North West": 0.09672277480234634, "Scotland": 0.08805151747003316, "East of England": 0.08501232678738417, "Yorkshire and the Humber": 0.0800391056703222, "West Midlands": 0.07861514919663351, "South West": 0.0783813652979682, "Wales": 0.07695740882427952, "East Midlands": 0.07665986568052367, "Northern Ireland": 0.06679843577318711, "North East": 0.036555300518575196}