{"London": 0.15508731546446516, "South East": 0.11323343883490848, "North West": 0.09944445674066532, "Yorkshire and the Humber": 0.08432748279143888, "West Midlands": 0.08273389256545893, "East of England": 0.0791704477545871, "Scotland": 0.07879418339567518, "South West": 0.07611606648812554, "East Midlands": 0.07051636749961267, "Wales": 0.06555853124100838, "Northern Ireland": 0.06018016422832607, "North East": 0.034837652995728295}