{"London": 0.13783797545699883, "South East": 0.11548449513722694, "North West": 0.10089617597637354, "Yorkshire and the Humber": 0.08811548449513723, "West Midlands": 0.08541677274810326, "Scotland": 0.081419624217119, "East of England": 0.08126686694841896, "South West": 0.07676052752176792, "East Midlands": 0.0691735831763328, "Northern Ireland": 0.06492183919751515, "Wales": 0.06420897194358165, "North East": 0.03449768318142472}