{"London": 0.11991162292447777, "South East": 0.11881806820210676, "North West": 0.09665684699160865, "Scotland": 0.08764059989287627, "East of England": 0.08543117300482057, "Yorkshire and the Humber": 0.08132476343510088, "West Midlands": 0.07985181217639707, "South West": 0.07909301910373148, "East Midlands": 0.07708444920549902, "Wales": 0.07389305481164078, "Northern Ireland": 0.06326995179432245, "North East": 0.03702463845741832}