{"London": 0.12831968919106423, "South East": 0.11719161925905369, "North West": 0.10309421395865132, "Yorkshire and the Humber": 0.08688774802275566, "West Midlands": 0.08494519217427501, "East of England": 0.08250312196475648, "Scotland": 0.08208685999722493, "South West": 0.07870126266130151, "East Midlands": 0.07087553767170807, "Northern Ireland": 0.06599139725267102, "Wales": 0.06452060496739281, "North East": 0.03488275287914527}