{"London": 0.14095933956445414, "South East": 0.11462731887839825, "North West": 0.10131897328841866, "Yorkshire and the Humber": 0.0875836219575841, "West Midlands": 0.08516392275940599, "East of England": 0.08127342600939412, "Scotland": 0.08084642026853917, "South West": 0.07584096408407269, "East Midlands": 0.0695070455947241, "Wales": 0.06452531195141624, "Northern Ireland": 0.06381363571665796, "North East": 0.034540019926934576}