{"South East": 0.12293233082706767, "London": 0.11606288448393712, "North West": 0.09685577580314422, "East of England": 0.08824333561175667, "Yorkshire and the Humber": 0.08581681476418318, "West Midlands": 0.0848257006151743, "Scotland": 0.08458646616541353, "South West": 0.08257006151742993, "East Midlands": 0.07375256322624743, "Wales": 0.06486671223513328, "Northern Ireland": 0.06250854408749146, "North East": 0.03697881066302119}