{"London": 0.12224069051993118, "South East": 0.11632111509637535, "North West": 0.1041028781383956, "Yorkshire and the Humber": 0.08943516169480652, "West Midlands": 0.08608170763712711, "East of England": 0.08581926340652611, "Scotland": 0.08301985828011547, "South West": 0.0792289971714344, "East Midlands": 0.07071413991193538, "Northern Ireland": 0.06531945294958155, "Wales": 0.06310325722450646, "North East": 0.034613477969264866}