{"London": 0.12317164645580697, "South East": 0.11854606825853231, "North West": 0.10004375546943368, "East of England": 0.08651081385173147, "Yorkshire and the Humber": 0.08626078259782473, "West Midlands": 0.08435429428678584, "Scotland": 0.0829166145768221, "South West": 0.08041630203775472, "East Midlands": 0.07294661832729091, "Northern Ireland": 0.06475809476184523, "Wales": 0.06400800100012502, "North East": 0.036067008376047004}