{"GCSE": 0.3334735071488646, "None": 0.20815811606391926, "foundation": 0.11816652649285113, "a level": 0.09461732548359966, "university": 0.08074011774600505, "diploma": 0.059293523969722456, "as level": 0.026492851135407905, "Other": 0.025231286795626577, "O grade": 0.01808242220353238, "CSE": 0.01345668629100084, "higher grade": 0.008410428931875526, "nursing": 0.0054667788057190915, "sixth year certificate": 0.004625735912531539, "teaching qualification": 0.002523128679562658, "international ba": 0.001261564339781329}