{"GCSE": 0.40894568690095845, "None": 0.17465388711395102, "foundation": 0.09336173233936812, "a level": 0.09123180688675896, "university": 0.07170749023784168, "diploma": 0.04472843450479233, "as level": 0.0291089811856585, "CSE": 0.022009229676961305, "O grade": 0.02023429179978701, "Other": 0.01668441604543841, "higher grade": 0.012069577564785232, "teaching qualification": 0.006034788782392616, "nursing": 0.005324813631522897, "sixth year certificate": 0.002129925452609159, "welsh ba": 0.0010649627263045794, "international ba": 0.0007099751508697196}