{"GCSE": 0.31473718155433733, "None": 0.23363431151241534, "foundation": 0.09916156078684295, "a level": 0.09722670106417285, "university": 0.0928732666881651, "diploma": 0.042244437278297325, "CSE": 0.029506610770719123, "as level": 0.02273460174137375, "Other": 0.018864882296033537, "O grade": 0.01596259271202838, "higher grade": 0.013544018058690745, "nursing": 0.009029345372460496, "teaching qualification": 0.005320864237342793, "sixth year certificate": 0.003547242824895195, "international ba": 0.0009674298613350532, "welsh ba": 0.0006449532408900354}