{"GCSE": 0.28829993535875886, "foundation": 0.14652014652014653, "a level": 0.12561947856065503, "None": 0.12303382891618185, "university": 0.12066365007541478, "diploma": 0.09459168282697694, "as level": 0.022408963585434174, "CSE": 0.020900667959491488, "Other": 0.0196078431372549, "O grade": 0.012281835811247576, "nursing": 0.007972419737125619, "higher grade": 0.007326007326007326, "teaching qualification": 0.004093945270415859, "sixth year certificate": 0.004093945270415859, "international ba": 0.002370178840767076, "welsh ba": 0.00021547080370609782}