{"GCSE": 0.4488888888888889, "None": 0.21866666666666668, "a level": 0.08, "university": 0.06133333333333333, "diploma": 0.048, "as level": 0.037333333333333336, "CSE": 0.032, "O grade": 0.027555555555555555, "foundation": 0.014222222222222223, "higher grade": 0.014222222222222223, "Other": 0.011555555555555555, "nursing": 0.005333333333333333, "international ba": 0.0008888888888888889}