{"GCSE": 0.5239852398523985, "None": 0.1795817958179582, "a level": 0.0897908979089791, "university": 0.05781057810578106, "diploma": 0.055350553505535055, "higher grade": 0.020910209102091022, "O grade": 0.01968019680196802, "Other": 0.012300123001230012, "CSE": 0.012300123001230012, "foundation": 0.008610086100861008, "nursing": 0.007380073800738007, "as level": 0.007380073800738007, "sixth year certificate": 0.0024600246002460025, "welsh ba": 0.0012300123001230013, "teaching qualification": 0.0012300123001230013}