{"GCSE": 0.37030812324929974, "None": 0.20840336134453782, "foundation": 0.1103641456582633, "a level": 0.08739495798319327, "university": 0.0773109243697479, "diploma": 0.047058823529411764, "as level": 0.025210084033613446, "Other": 0.020168067226890758, "O grade": 0.016246498599439777, "CSE": 0.013445378151260505, "higher grade": 0.012324929971988795, "teaching qualification": 0.0056022408963585435, "nursing": 0.004481792717086834, "sixth year certificate": 0.0011204481792717086, "international ba": 0.0005602240896358543}