{"GCSE": 0.2856390680531789, "None": 0.2269316835592997, "foundation": 0.10885876003685666, "a level": 0.1030670001316309, "university": 0.08937738581018823, "diploma": 0.049756482822166645, "CSE": 0.032512834013426355, "Other": 0.023430301434776885, "as level": 0.022377254179281294, "O grade": 0.019349743319731473, "higher grade": 0.015664077925496907, "nursing": 0.009477425299460314, "teaching qualification": 0.008950901671712518, "sixth year certificate": 0.0023693563248650784, "international ba": 0.0017112017901803344, "welsh ba": 0.0005265236277477951}