{"None": 0.2781326781326781, "GCSE": 0.22052088452088453, "foundation": 0.1291203931203931, "university": 0.0861916461916462, "a level": 0.08357739557739557, "diploma": 0.06044226044226044, "CSE": 0.03917444717444717, "Other": 0.028383292383292385, "nursing": 0.018791154791154792, "O grade": 0.015213759213759214, "teaching qualification": 0.01423095823095823, "as level": 0.012108108108108109, "higher grade": 0.00965110565110565, "sixth year certificate": 0.0028304668304668305, "international ba": 0.001533169533169533, "welsh ba": 9.828009828009828e-05}