{"GCSE": 0.4984076433121019, "None": 0.18630573248407642, "a level": 0.12101910828025478, "university": 0.042993630573248405, "diploma": 0.03980891719745223, "O grade": 0.027070063694267517, "as level": 0.020700636942675158, "Other": 0.01751592356687898, "CSE": 0.014331210191082803, "higher grade": 0.012738853503184714, "sixth year certificate": 0.006369426751592357, "nursing": 0.006369426751592357, "foundation": 0.006369426751592357}