{"GCSE": 0.42214380238200266, "None": 0.18173797970886635, "foundation": 0.08998676665196295, "a level": 0.07895897662108513, "university": 0.07190119100132333, "as level": 0.031760035288928096, "diploma": 0.030436700485222762, "O grade": 0.029554477282752536, "Other": 0.018526687251874726, "higher grade": 0.017203352448169385, "CSE": 0.016321129245699163, "nursing": 0.0035288928098809, "sixth year certificate": 0.0030877812086457872, "teaching qualification": 0.002646669607410675, "welsh ba": 0.0022055580061755625}