{"GCSE": 0.480225988700565, "None": 0.2192090395480226, "a level": 0.0903954802259887, "university": 0.0576271186440678, "diploma": 0.04180790960451977, "O grade": 0.02937853107344633, "as level": 0.02711864406779661, "higher grade": 0.01807909604519774, "CSE": 0.011299435028248588, "Other": 0.010169491525423728, "foundation": 0.00903954802259887, "nursing": 0.004519774011299435, "international ba": 0.0011299435028248588}