{"GCSE": 0.5367892976588629, "None": 0.18896321070234115, "a level": 0.07525083612040134, "university": 0.046822742474916385, "diploma": 0.0451505016722408, "O grade": 0.026755852842809364, "as level": 0.023411371237458192, "higher grade": 0.016722408026755852, "Other": 0.011705685618729096, "CSE": 0.011705685618729096, "foundation": 0.008361204013377926, "nursing": 0.006688963210702341, "sixth year certificate": 0.0016722408026755853}