{"Strongly Agree": 0.18344749929623722, "Tend to Agree": 0.4056801476337931, "Neither": 0.29983422476619437, "Tend to Disagree": 0.08720402865096494, "Strongly Disagree": 0.02383409965281036}