{"Strongly Agree": 0.10637746508072249, "Tend to Agree": 0.32768405504159215, "Neither": 0.37567700640078777, "Tend to Disagree": 0.14216486563528466, "Strongly Disagree": 0.0480966078416129}