{"Don't do Anything Environmentally Friendly": 0.0678617487748259, "Do One or Two Things Environmentally Friendly": 0.36270312096982205, "Do Some Things Environmentally Friendly": 0.390714469950993, "Do Many Things Environmentally Friendly": 0.1622388444673717, "Do Everything Environmentally Friendly": 0.01648181583698736}