{"Don't do Anything Environmentally Friendly": 0.05744607582255893, "Do One or Two Things Environmentally Friendly": 0.3565726450239489, "Do Some Things Environmentally Friendly": 0.40453307453902265, "Do Many Things Environmentally Friendly": 0.1623203831825439, "Do Everything Environmentally Friendly": 0.019127821431925617}