{"Don't do Anything Environmentally Friendly": 0.0701202774866497, "Do One or Two Things Environmentally Friendly": 0.402255826720567, "Do Some Things Environmentally Friendly": 0.3571143384738234, "Do Many Things Environmentally Friendly": 0.15079602734940362, "Do Everything Environmentally Friendly": 0.01971352996955632}